{"cameraMode":{"drawMode":0,"name":"Shaded","section":"Shading Mode"},"sceneLighting":true,"audioPlay":false,"sceneViewState":{"m_AlwaysRefresh":false,"showFog":true,"showSkybox":true,"showFlares":true,"showImageEffects":true,"showParticleSystems":true,"showVisualEffectGraphs":true,"m_FxEnabled":true},"in2DMode":false,"pivot":{"x":93.8309097290039,"y":30.558555603027345,"z":-53.12124252319336},"rotation":{"x":0.00179423822555691,"y":-0.08988644182682038,"z":0.0002494037616997957,"w":0.9960414171218872},"size":161.73501586914063,"orthographic":true}